source_id,name,provider,identifier,version,domain,subdomain,genre,license,target_n,status,text_candidates,id_candidates,notes
SRC001,Indo-Bloom BSE RAW Corpus,huggingface,Firmansyah-Ibrahim/indo-bloom-raw-bse,main,education,school_textbook,textbook_passage,CC BY 4.0,,ACCEPT,context|context_raw,chunk_id,Use cleaned context as Core text; preserve subject/grade/page metadata.
SRC002,Indonesian Telemedicine User Review Dataset,mendeley,rmmmf2dp8d,2,health_healthcare,telemedicine,user_review,CC BY 4.0,12000.0,ACCEPT_SAMPLE,review|content|text,,"Alodokter, Halodoc, KlikDokter. If v2 unavailable, notebook falls back to v1."
SRC003,IGAR Indonesian Government Application Reviews,mendeley,7zryc6k76z,3,government_public_services,source_entity_mapped,user_review,CC BY 4.0,15000.0,ACCEPT_SAMPLE,Content|content|review|text,,App-aware mapping: KAI transport; MobileJKN/Satusehat health; JMO social security/employment; BMKG public information; MyPertamina energy/public service.
SRC004,BCA Mobile Reviews,mendeley,kgr7x9vs9v,1,finance_banking,mobile_banking,user_review,CC BY 4.0,5000.0,ACCEPT_SAMPLE,content|review|text,,"26,261 Indonesian reviews; reviewer names excluded."
SRC005,Livin by Mandiri Reviews,mendeley,h8p5v6r6dn,1,finance_banking,mobile_banking,user_review,CC BY 4.0,4000.0,ACCEPT_SAMPLE,content|review|text,,"10,000 Indonesian reviews; reviewer names excluded."
SRC006,Dataset Customer Review Indonesia,mendeley,74xrbd4vxy,1,ecommerce_retail,product_review,user_review,CC BY 4.0,15000.0,ACCEPT_SAMPLE,review|raw_review|text|content,review_id|id,"203,786 authentic Indonesian e-commerce reviews; prefer raw dataset file."
SRC007,Indonesian Travel Reviews for Text Summarization,mendeley,x2r86kfrhp,1,tourism_hospitality,attraction_hotel_restaurant,user_review,CC BY 4.0,1500.0,ACCEPT,review|text|content,,Use five natural reviews per object; exclude expert ground-truth summaries from Core.
SRC008,Indonesian Legislation as Data,mendeley,8wpjvhh7g2,1,law_governance,legislation,legal_norm,CC BY 4.0,15000.0,ACCEPT_SAMPLE,text_normalized|normalized_text|text|unit_text|original_text,unit_id|id,"90,588 norm units with page/line provenance. Prefer units.csv."
SRC009,Grab App Reviews Indonesia,mendeley,swf47j26v8,1,transportation_mobility,ride_hailing,user_review,CC BY 4.0,,ACCEPT,review|content|text,,Small transport source; include all valid reviews.
